k	kmeans	kmeans++	geokmeans
10	3.20905280113	3.43465018272	3.52336812019
20	13.9381709099	12.3761968613	12.2307310104
30	9.51892399788	16.9796411991	11.9934699535
40	17.3678431511	20.9857649803	15.1671540737
50	21.2878158092	12.048871994	27.0095300674
60	19.1632368565	12.5881001949	13.2244949341
70	19.4785289764	23.3637979031	13.4159860611
80	9.10837984085	15.0679519176	18.528824091
90	12.7521719933	12.2735619545	12.3916971684
100	13.4514348507	12.4088149071	11.4073269367
